<?xml version="1.0" encoding="utf-8"?>
<feed xmlns="http://www.w3.org/2005/Atom"
	xml:lang="en-gb">
	<title>Comments on The International Ultramarathon Festival on YouTube</title>
	<subtitle></subtitle>
	<link rel="self" type="application/atom+xml" title="Comments on The International Ultramarathon Festival on YouTube" href="http://www.dayrunners.gr/2013/11/the-international-ultramarathon-festival-on-youtube/comments/atom.xml" />
	<link rel="alternate" type="text/html" title="The International Ultramarathon Festival on YouTube" href="http://www.dayrunners.gr/2013/11/the-international-ultramarathon-festival-on-youtube.html"/>
	<generator uri="http://www.typepad.com/">TypePad</generator>
	<xhtml:meta xmlns:xhtml="http://www.w3.org/1999/xhtml" name="robots" content="noindex" />
	<updated>2013-11-17T19:50:48Z</updated>
	<author>
		<name>Nikos Baxevanis</name>
		<uri>http://www.dayrunners.gr/</uri>
	</author>
	<id>tag:typepad.com,2003:http://www.dayrunners.gr/2013/11/the-international-ultramarathon-festival-on-youtube/comments/atom.xml/</id>
    
</feed>

<!-- ph=1 -->
