<?xml version="1.0" encoding="utf-8"?>
<feed xmlns="http://www.w3.org/2005/Atom" xmlns:dc="http://purl.org/dc/elements/1.1/" xmlns:thr="http://purl.org/syndication/thread/1.0">
    <title>Dayrunners</title>
    <link rel="self" type="application/atom+xml" href="http://www.dayrunners.gr/atom.xml" />
    <link rel="alternate" type="text/html" href="http://www.dayrunners.gr/" />
    <id>tag:typepad.com,2003:weblog-94160540217153293</id>
    <updated>2018-06-01T17:51:43+03:00</updated>
    <subtitle>ATHENS INTERNATIONAL ULTRAMARATHON FESTIVAL - dayrunners.gr</subtitle>
    <generator uri="http://www.typepad.com/">TypePad</generator>
<entry>
        <title>THE 14th INTERNATIONAL ULTRAMARATHON FESTIVAL</title>
        <link rel="alternate" type="text/html" href="http://www.dayrunners.gr/2018/06/the-14th-international-ultramarathon-festival.html" />
        <link rel="replies" type="text/html" href="http://www.dayrunners.gr/2018/06/the-14th-international-ultramarathon-festival.html" thr:count="0" />
        <id>tag:typepad.com,2003:post-6a0134873b0c0f970c0224e03e5792200d</id>
        <published>2018-06-01T17:51:43+03:00</published>
        <updated>2018-06-01T17:51:43+03:00</updated>
        <summary>ATHENS, January 18 - February 03, 2019 24hr Jan. 19 - 20 48hr Jan. 18 - 20 72hr Jan. 31 - Feb. 03 1000 miles Jan. 18 - Feb. 03 1000 K Jan. 24 - Feb. 03 6 days Jan. 28 - Feb. 03 Race Directors: John Chortis, Costas Baxevanis...</summary>
        <author>
            <name>Nikos Baxevanis</name>
        </author>
        
        
<content type="xhtml" xml:lang="en-GB" xml:base="http://www.dayrunners.gr/">
<div xmlns="http://www.w3.org/1999/xhtml"><h2><strong style="color: #0060bf;">ATHENS, January 18 - February 03, 2019</strong></h2>
<h2><strong style="font-size: 1.17em;"><a href="http://baxevanis.typepad.com/.a/6a0134873b0c0f970c0154338c8fd0970c-pi"><img alt="DayrunnersLogo" border="0" src="http://baxevanis.typepad.com/.a/6a0134873b0c0f970c0154338c8fd0970c-800wi" title="DayrunnersLogo" /></a></strong></h2>
<table>
<tbody>
<tr>
<td><strong>24hr</strong></td>
<td><strong>Jan. 19 - 20</strong></td>
</tr>
<tr>
<td><strong>48hr</strong></td>
<td><strong>Jan. 18 - 20</strong></td>
</tr>
<tr>
<td><strong>72hr</strong></td>
<td><strong>Jan. 31 - Feb. 03</strong></td>
</tr>
<tr>
<td><strong>1000 miles</strong></td>
<td><strong>Jan. 18 - Feb. 03</strong></td>
</tr>
<tr>
<td><strong>1000 K</strong></td>
<td><strong>Jan. 24 - Feb. 03</strong></td>
</tr>
<tr>
<td><strong>6 days</strong></td>
<td><strong>Jan. 28 - Feb. 03</strong></td>
</tr>
</tbody>
</table>
<p><strong>Race Directors: John Chortis, Costas Baxevanis</strong></p>
<p><a href="http://www.dayrunners.gr/contact.html"><strong>CONTACT INFORMATION</strong></a></p></div>
</content>



    </entry>
<entry>
        <title>The International Ultramarathon Festival on YouTube</title>
        <link rel="alternate" type="text/html" href="http://www.dayrunners.gr/2013/11/the-international-ultramarathon-festival-on-youtube.html" />
        <link rel="replies" type="text/html" href="http://www.dayrunners.gr/2013/11/the-international-ultramarathon-festival-on-youtube.html" thr:count="0" />
        <id>tag:typepad.com,2003:post-6a0134873b0c0f970c019b013f4e8e970b</id>
        <published>2013-11-17T21:50:48+02:00</published>
        <updated>2017-07-04T13:40:55+03:00</updated>
        <summary></summary>
        <author>
            <name>Nikos Baxevanis</name>
        </author>
        
        
<content type="html" xml:lang="en-GB" xml:base="http://www.dayrunners.gr/">
&lt;div xmlns=&quot;http://www.w3.org/1999/xhtml&quot;&gt;&lt;iframe width=&quot;560&quot; height=&quot;315&quot; src=&quot;https://www.youtube.com/embed/KCrcKxVsUxg&quot; frameborder=&quot;0&quot; allowfullscreen&gt;&lt;/iframe&gt;&lt;/div&gt;
</content>



    </entry>
 
</feed>

<!-- ph=1 -->
