<?xml version="1.0" encoding="utf-8"?>
<feed xmlns="http://www.w3.org/2005/Atom" xmlns:dc="http://purl.org/dc/elements/1.1/" xmlns:thr="http://purl.org/syndication/thread/1.0">
    <title>Dayrunners</title>
    <link rel="self" type="application/atom+xml" href="https://www.dayrunners.gr/atom.xml" />
    <link rel="alternate" type="text/html" href="https://www.dayrunners.gr/" />
    <id>tag:typepad.com,2003:weblog-94160540217153293</id>
    <updated>2020-10-08T17:38:21+03:00</updated>
    <subtitle>ATHENS INTERNATIONAL ULTRAMARATHON FESTIVAL - dayrunners.gr

DEDICATED TO CANCER RESEARCH
</subtitle>
    <generator uri="http://www.typepad.com/">TypePad</generator>
<entry>
        <title>THE 16th INTERNATIONAL ULTRAMARATHON FESTIVAL</title>
        <link rel="alternate" type="text/html" href="https://www.dayrunners.gr/2020/10/the-16th-international-ultramarathon-festival.html" />
        <link rel="replies" type="text/html" href="https://www.dayrunners.gr/2020/10/the-16th-international-ultramarathon-festival.html" thr:count="0" />
        <id>tag:typepad.com,2003:post-6a0134873b0c0f970c0240a485d9e3200d</id>
        <published>2020-10-08T17:38:21+03:00</published>
        <updated>2021-03-02T16:01:59+02:00</updated>
        <summary>Loutraki, September 17-19, 2021 LOCATION: LOUTRAKI (MUNICIPALITY LOUTRAKI-PERACHORA-AGIOI THEODOROI) ORGANIZER: AO POSEIDON LOUTRAKIOU; CO-ORGANIZERS: ASSOCIATION OF GREEK DAYRUNNERS AND THE MUNICIPALITY OF LOUTRAKI-PERACHORA-AGIOI THEODOROI AEGIS: S.E.G.A.S. (HELLENIC ATHLETICS FEDERATION) Race directors: Costas Baxevanis and John Chortis 24hr race: 18-19/9/2021 48hr race: 17-19/9/2021 The races will take place in the stadium...</summary>
        <author>
            <name>Nikos Baxevanis</name>
        </author>
        
        
<content type="xhtml" xml:lang="en-GB" xml:base="https://www.dayrunners.gr/">
<div xmlns="http://www.w3.org/1999/xhtml"><div class="gmail_default">
<h2><strong style="color: #0060bf;">Loutraki, September 17-19, 2021</strong></h2>
<p><strong>LOCATION</strong>: LOUTRAKI (MUNICIPALITY LOUTRAKI-PERACHORA-AGIOI THEODOROI)<br /><strong>ORGANIZER</strong>: AO POSEIDON LOUTRAKIOU; <strong>CO-ORGANIZERS</strong>: ASSOCIATION OF GREEK DAYRUNNERS AND THE MUNICIPALITY OF LOUTRAKI-PERACHORA-AGIOI THEODOROI</p>
<p><strong>AEGIS</strong>: S.E.G.A.S. (HELLENIC ATHLETICS FEDERATION)<br /><strong>Race directors</strong>: Costas Baxevanis and John Chortis<br />&#0160;<br /><strong>24hr race: 18-19/9/2021</strong><br /><strong>48hr race: 17-19/9/2021</strong></p>
<p>The races will take place in the stadium of Loutraki (400m lap)</p>
<p>Loutraki is a beautiful town at the seaside located 80K from Athens and<br />there is direct connection with the airport of Athens by train.&#0160;The 1st and<br />2nd Ultramarathon Festivals took place in Loutraki in 2005 and 2006,<br />respectively.</p>
<p>Information about Loutraki you can find at<br /><a href="https://en.wikipedia.org/wiki/Loutraki">https://en.wikipedia.org/wiki/Loutraki</a></p>
<p>Photos of the stadium from the 1st edition of the Ultramarathon Festival<br />back in 2005 you can find at <a href="https://www.facebook.com/media/set/?set=a.219999771371242.48385.219995084705044">https://www.facebook.com/media/set/?set=a.219999771371242.48385.219995084705044</a></p>
<p><strong style="font-size: 1.17em;"><a href="http://baxevanis.typepad.com/.a/6a0134873b0c0f970c0154338c8fd0970c-pi"><img alt="DayrunnersLogo" border="0" src="https://baxevanis.typepad.com/.a/6a0134873b0c0f970c0154338c8fd0970c-800wi" title="DayrunnersLogo" /></a></strong></p>
</div>
<p>&#0160;</p></div>
</content>



    </entry>
<entry>
        <title>THE 15th INTERNATIONAL ULTRAMARATHON FESTIVAL</title>
        <link rel="alternate" type="text/html" href="https://www.dayrunners.gr/2019/03/the-15th-international-ultramarathon-festival.html" />
        <link rel="replies" type="text/html" href="https://www.dayrunners.gr/2019/03/the-15th-international-ultramarathon-festival.html" thr:count="0" />
        <id>tag:typepad.com,2003:post-6a0134873b0c0f970c019b013f4e8e970b</id>
        <published>2019-03-04T16:27:48+02:00</published>
        <updated>2020-02-25T10:49:35+02:00</updated>
        <summary>Athens-Hellinikon, January-March, 2020 Schedule of Events 2020 - 15th I.U.F. 24hr Jan 11 - Jan 12 at 14.00 (60€) NEW DATE 48hr Jan 10 - Jan 12 at 18.00 (80€) NEW DATE 6days Jan 10 - Jan 16 at 18.00 (350€) NEW DATE 72hr Jan 10 - Jan 13 at...</summary>
        <author>
            <name>Nikos Baxevanis</name>
        </author>
        
        
<content type="xhtml" xml:lang="en-GB" xml:base="https://www.dayrunners.gr/">
<div xmlns="http://www.w3.org/1999/xhtml"><h2><strong style="color: #0060bf;">Athens-Hellinikon, January-March, 2020</strong></h2>
<table>
<tbody>
<tr>
<td>
<table>
<tbody>
<tr>
<td>
<h2><strong style="font-size: 1.17em;"><a href="http://baxevanis.typepad.com/.a/6a0134873b0c0f970c0154338c8fd0970c-pi"><img alt="DayrunnersLogo" border="0" src="https://baxevanis.typepad.com/.a/6a0134873b0c0f970c0154338c8fd0970c-800wi" title="DayrunnersLogo" /></a></strong></h2>
</td>
<td>
<p><a class="asset-img-link" href="https://baxevanis.typepad.com/.a/6a0134873b0c0f970c0240a4e6f112200d-pi" style="display: inline;"><img alt="Bronze IAU Label 2020" border="0" class="asset  asset-image at-xid-6a0134873b0c0f970c0240a4e6f112200d image-full img-responsive" height="177" src="https://baxevanis.typepad.com/.a/6a0134873b0c0f970c0240a50b8b86200b-pi" title="Bronze IAU Label 2020" width="300" /></a></p>
</td>
</tr>
</tbody>
</table>
<p><strong style="font-size: 1.17em; color: #0060bf;">Schedule of Events 2020 - 15th I.U.F.</strong></p>
<table style="height: 108px;">
<tbody>
<tr style="height: 18px;">
<td style="text-align: right; height: 18px; width: 101px;"><strong>24hr</strong></td>
<td style="height: 18px; width: 430px;"><strong>Jan 11 - Jan 12 at 14.00 (60€) <span style="color: #ff0000;">NEW DATE</span></strong></td>
</tr>
<tr style="height: 18px;">
<td style="text-align: right; height: 18px; width: 101px;"><strong>48hr</strong></td>
<td style="height: 18px; width: 430px;"><strong>Jan 10 - Jan 12 at 18.00 (80€) <span style="color: #ff0000;">NEW DATE</span></strong></td>
</tr>
<tr style="height: 18px;">
<td style="text-align: right; height: 18px; width: 101px;"><strong>6days</strong></td>
<td style="height: 18px; width: 430px;"><strong>Jan 10 - Jan 16 at 18.00 (350€) <span style="color: #ff0000;">NEW DATE</span></strong></td>
</tr>
<tr style="height: 18px;">
<td style="height: 18px; width: 101px; text-align: right;"><strong>72hr</strong></td>
<td style="height: 18px; width: 430px;"><strong>Jan 10 - Jan 13 at 16.00 (100€) <span style="color: #ff0000;">NEW DATE</span></strong></td>
</tr>
</tbody>
</table>
<p>&#0160;</p>
<table style="height: 108px;">
<tbody>
<tr style="height: 18px;">
<td style="text-align: right; height: 18px; width: 101px;"><strong>1000 miles</strong></td>
<td style="height: 18px; width: 430px;"><strong>Jan 16 - Feb 01 at 15.00 (1000€)</strong></td>
</tr>
<tr style="height: 18px;">
<td style="text-align: right; height: 18px; width: 101px;"><strong>5000K</strong></td>
<td style="height: 18px; width: 430px;"><strong>Jan 16 - Mar 16 at 15.00 (2300€)</strong></td>
</tr>
<tr style="height: 18px;">
<td style="text-align: right; height: 18px; width: 101px;"><strong>4000K</strong></td>
<td style="height: 18px; width: 430px;"><strong>Jan 16 - Mar 06 at 15.00 (1800€)</strong></td>
</tr>
<tr style="height: 18px;">
<td style="text-align: right; height: 18px; width: 101px;"><strong>3000K</strong></td>
<td style="height: 18px; width: 430px;"><strong>Jan 16 - Feb 25 at 15.00 (1500€)</strong></td>
</tr>
<tr style="height: 18px;">
<td style="text-align: right; height: 18px; width: 101px;"><strong>2000K</strong></td>
<td style="height: 18px; width: 430px;"><strong><span class="gmail_default">Feb 02</span>&#0160;-&#0160;<span class="gmail_default">Mar 03</span> at 15.00 (1100€)</strong></td>
</tr>
<tr style="height: 18px;">
<td style="height: 18px; width: 101px; text-align: right;"><strong>1000K</strong></td>
<td style="height: 18px; width: 430px;"><strong>Jan 16 - Jan 26 at 15.00&#0160; &#0160;(700€)</strong></td>
</tr>
</tbody>
</table>
</td>
<td>
<h2>&#0160;</h2>
<div class="gmail_default">&#0160;</div>
<p>&#0160;</p>
<p>&#0160;</p>
<p>&#0160;</p>
<p>&#0160;</p>
<p>&#0160;</p>
<p>&#0160;</p>
</td>
</tr>
</tbody>
</table>
<p>&#0160;</p>
<p><strong>Deadline for submission of applications for participation:&#0160;<span class="gmail_default">December 15</span>, 2019<br />Venue:&#0160; the ex-olympic games Athens 2004 installations at Hellinikon<span class="gmail_default">&#0160;(basketball arena)</span><br />The course: 1K, asphalt flat</strong></p>
<p><strong><a href="https://www.dayrunners.gr/main-page.html">Application form</a><br /></strong></p>
<p><strong>Race Directors: John Chortis, Costas Baxevanis</strong></p>
<p><a href="http://www.dayrunners.gr/contact.html"><strong>CONTACT INFORMATION</strong></a></p></div>
</content>



    </entry>
 
</feed>

<!-- ph=1 -->
