<?xml version="1.0" encoding="utf-8"?>
<rss
 xmlns:dc="http://purl.org/dc/elements/1.1/"
 xmlns:content="http://purl.org/rss/1.0/modules/content/"
 version="2.0">
<channel>
<title>Dayrunners</title>
<link>https://www.dayrunners.gr/</link>
<description>ATHENS INTERNATIONAL ULTRAMARATHON FESTIVAL - dayrunners.gr

DEDICATED TO CANCER RESEARCH
</description>
<language>en-GB</language>
<lastBuildDate>Thu, 08 Oct 2020 17:38:21 +0300</lastBuildDate>
<generator>http://www.typepad.com/</generator>
<atom10:link xmlns:atom10="http://www.w3.org/2005/Atom" rel="self" href="https://www.dayrunners.gr/rss.xml" type="application/rss+xml" />
<docs>http://www.rssboard.org/rss-specification</docs>
<item>
<title>THE 16th INTERNATIONAL ULTRAMARATHON FESTIVAL</title>
<link>https://www.dayrunners.gr/2020/10/the-16th-international-ultramarathon-festival.html</link>
<guid isPermaLink="true">https://www.dayrunners.gr/2020/10/the-16th-international-ultramarathon-festival.html</guid>
<description>Loutraki, September 17-19, 2021 LOCATION: LOUTRAKI (MUNICIPALITY LOUTRAKI-PERACHORA-AGIOI THEODOROI) ORGANIZER: AO POSEIDON LOUTRAKIOU; CO-ORGANIZERS: ASSOCIATION OF GREEK DAYRUNNERS AND THE MUNICIPALITY OF LOUTRAKI-PERACHORA-AGIOI THEODOROI AEGIS: S.E.G.A.S. (HELLENIC ATHLETICS FEDERATION) Race directors: Costas Baxevanis and John Chortis 24hr race: 18-19/9/2021 48hr race: 17-19/9/2021 The races will take place in the stadium...</description>
<content:encoded>&lt;div class=&quot;gmail_default&quot;&gt;
&lt;h2&gt;&lt;strong style=&quot;color: #0060bf;&quot;&gt;Loutraki, September 17-19, 2021&lt;/strong&gt;&lt;/h2&gt;
&lt;p&gt;&lt;strong&gt;LOCATION&lt;/strong&gt;: LOUTRAKI (MUNICIPALITY LOUTRAKI-PERACHORA-AGIOI THEODOROI)&lt;br /&gt;&lt;strong&gt;ORGANIZER&lt;/strong&gt;: AO POSEIDON LOUTRAKIOU; &lt;strong&gt;CO-ORGANIZERS&lt;/strong&gt;: ASSOCIATION OF GREEK DAYRUNNERS AND THE MUNICIPALITY OF LOUTRAKI-PERACHORA-AGIOI THEODOROI&lt;/p&gt;
&lt;p&gt;&lt;strong&gt;AEGIS&lt;/strong&gt;: S.E.G.A.S. (HELLENIC ATHLETICS FEDERATION)&lt;br /&gt;&lt;strong&gt;Race directors&lt;/strong&gt;: Costas Baxevanis and John Chortis&lt;br /&gt;&amp;#0160;&lt;br /&gt;&lt;strong&gt;24hr race: 18-19/9/2021&lt;/strong&gt;&lt;br /&gt;&lt;strong&gt;48hr race: 17-19/9/2021&lt;/strong&gt;&lt;/p&gt;
&lt;p&gt;The races will take place in the stadium of Loutraki (400m lap)&lt;/p&gt;
&lt;p&gt;Loutraki is a beautiful town at the seaside located 80K from Athens and&lt;br /&gt;there is direct connection with the airport of Athens by train.&amp;#0160;The 1st and&lt;br /&gt;2nd Ultramarathon Festivals took place in Loutraki in 2005 and 2006,&lt;br /&gt;respectively.&lt;/p&gt;
&lt;p&gt;Information about Loutraki you can find at&lt;br /&gt;&lt;a href=&quot;https://en.wikipedia.org/wiki/Loutraki&quot;&gt;https://en.wikipedia.org/wiki/Loutraki&lt;/a&gt;&lt;/p&gt;
&lt;p&gt;Photos of the stadium from the 1st edition of the Ultramarathon Festival&lt;br /&gt;back in 2005 you can find at &lt;a href=&quot;https://www.facebook.com/media/set/?set=a.219999771371242.48385.219995084705044&quot;&gt;https://www.facebook.com/media/set/?set=a.219999771371242.48385.219995084705044&lt;/a&gt;&lt;/p&gt;
&lt;p&gt;&lt;strong style=&quot;font-size: 1.17em;&quot;&gt;&lt;a href=&quot;http://baxevanis.typepad.com/.a/6a0134873b0c0f970c0154338c8fd0970c-pi&quot;&gt;&lt;img alt=&quot;DayrunnersLogo&quot; border=&quot;0&quot; src=&quot;https://baxevanis.typepad.com/.a/6a0134873b0c0f970c0154338c8fd0970c-800wi&quot; title=&quot;DayrunnersLogo&quot; /&gt;&lt;/a&gt;&lt;/strong&gt;&lt;/p&gt;
&lt;/div&gt;
&lt;p&gt;&amp;#0160;&lt;/p&gt;</content:encoded>



<dc:creator>Nikos Baxevanis</dc:creator>
<pubDate>Thu, 08 Oct 2020 17:38:21 +0300</pubDate>

</item>
<item>
<title>THE 15th INTERNATIONAL ULTRAMARATHON FESTIVAL</title>
<link>https://www.dayrunners.gr/2019/03/the-15th-international-ultramarathon-festival.html</link>
<guid isPermaLink="true">https://www.dayrunners.gr/2019/03/the-15th-international-ultramarathon-festival.html</guid>
<description>Athens-Hellinikon, January-March, 2020 Schedule of Events 2020 - 15th I.U.F. 24hr Jan 11 - Jan 12 at 14.00 (60€) NEW DATE 48hr Jan 10 - Jan 12 at 18.00 (80€) NEW DATE 6days Jan 10 - Jan 16 at 18.00 (350€) NEW DATE 72hr Jan 10 - Jan 13 at...</description>
<content:encoded>&lt;h2&gt;&lt;strong style=&quot;color: #0060bf;&quot;&gt;Athens-Hellinikon, January-March, 2020&lt;/strong&gt;&lt;/h2&gt;
&lt;table&gt;
&lt;tbody&gt;
&lt;tr&gt;
&lt;td&gt;
&lt;table&gt;
&lt;tbody&gt;
&lt;tr&gt;
&lt;td&gt;
&lt;h2&gt;&lt;strong style=&quot;font-size: 1.17em;&quot;&gt;&lt;a href=&quot;http://baxevanis.typepad.com/.a/6a0134873b0c0f970c0154338c8fd0970c-pi&quot;&gt;&lt;img alt=&quot;DayrunnersLogo&quot; border=&quot;0&quot; src=&quot;https://baxevanis.typepad.com/.a/6a0134873b0c0f970c0154338c8fd0970c-800wi&quot; title=&quot;DayrunnersLogo&quot; /&gt;&lt;/a&gt;&lt;/strong&gt;&lt;/h2&gt;
&lt;/td&gt;
&lt;td&gt;
&lt;p&gt;&lt;a class=&quot;asset-img-link&quot; href=&quot;https://baxevanis.typepad.com/.a/6a0134873b0c0f970c0240a4e6f112200d-pi&quot; style=&quot;display: inline;&quot;&gt;&lt;img alt=&quot;Bronze IAU Label 2020&quot; border=&quot;0&quot; class=&quot;asset  asset-image at-xid-6a0134873b0c0f970c0240a4e6f112200d image-full img-responsive&quot; height=&quot;177&quot; src=&quot;https://baxevanis.typepad.com/.a/6a0134873b0c0f970c0240a50b8b86200b-pi&quot; title=&quot;Bronze IAU Label 2020&quot; width=&quot;300&quot; /&gt;&lt;/a&gt;&lt;/p&gt;
&lt;/td&gt;
&lt;/tr&gt;
&lt;/tbody&gt;
&lt;/table&gt;
&lt;p&gt;&lt;strong style=&quot;font-size: 1.17em; color: #0060bf;&quot;&gt;Schedule of Events 2020 - 15th I.U.F.&lt;/strong&gt;&lt;/p&gt;
&lt;table style=&quot;height: 108px;&quot;&gt;
&lt;tbody&gt;
&lt;tr style=&quot;height: 18px;&quot;&gt;
&lt;td style=&quot;text-align: right; height: 18px; width: 101px;&quot;&gt;&lt;strong&gt;24hr&lt;/strong&gt;&lt;/td&gt;
&lt;td style=&quot;height: 18px; width: 430px;&quot;&gt;&lt;strong&gt;Jan 11 - Jan 12 at 14.00 (60€) &lt;span style=&quot;color: #ff0000;&quot;&gt;NEW DATE&lt;/span&gt;&lt;/strong&gt;&lt;/td&gt;
&lt;/tr&gt;
&lt;tr style=&quot;height: 18px;&quot;&gt;
&lt;td style=&quot;text-align: right; height: 18px; width: 101px;&quot;&gt;&lt;strong&gt;48hr&lt;/strong&gt;&lt;/td&gt;
&lt;td style=&quot;height: 18px; width: 430px;&quot;&gt;&lt;strong&gt;Jan 10 - Jan 12 at 18.00 (80€) &lt;span style=&quot;color: #ff0000;&quot;&gt;NEW DATE&lt;/span&gt;&lt;/strong&gt;&lt;/td&gt;
&lt;/tr&gt;
&lt;tr style=&quot;height: 18px;&quot;&gt;
&lt;td style=&quot;text-align: right; height: 18px; width: 101px;&quot;&gt;&lt;strong&gt;6days&lt;/strong&gt;&lt;/td&gt;
&lt;td style=&quot;height: 18px; width: 430px;&quot;&gt;&lt;strong&gt;Jan 10 - Jan 16 at 18.00 (350€) &lt;span style=&quot;color: #ff0000;&quot;&gt;NEW DATE&lt;/span&gt;&lt;/strong&gt;&lt;/td&gt;
&lt;/tr&gt;
&lt;tr style=&quot;height: 18px;&quot;&gt;
&lt;td style=&quot;height: 18px; width: 101px; text-align: right;&quot;&gt;&lt;strong&gt;72hr&lt;/strong&gt;&lt;/td&gt;
&lt;td style=&quot;height: 18px; width: 430px;&quot;&gt;&lt;strong&gt;Jan 10 - Jan 13 at 16.00 (100€) &lt;span style=&quot;color: #ff0000;&quot;&gt;NEW DATE&lt;/span&gt;&lt;/strong&gt;&lt;/td&gt;
&lt;/tr&gt;
&lt;/tbody&gt;
&lt;/table&gt;
&lt;p&gt;&amp;#0160;&lt;/p&gt;
&lt;table style=&quot;height: 108px;&quot;&gt;
&lt;tbody&gt;
&lt;tr style=&quot;height: 18px;&quot;&gt;
&lt;td style=&quot;text-align: right; height: 18px; width: 101px;&quot;&gt;&lt;strong&gt;1000 miles&lt;/strong&gt;&lt;/td&gt;
&lt;td style=&quot;height: 18px; width: 430px;&quot;&gt;&lt;strong&gt;Jan 16 - Feb 01 at 15.00 (1000€)&lt;/strong&gt;&lt;/td&gt;
&lt;/tr&gt;
&lt;tr style=&quot;height: 18px;&quot;&gt;
&lt;td style=&quot;text-align: right; height: 18px; width: 101px;&quot;&gt;&lt;strong&gt;5000K&lt;/strong&gt;&lt;/td&gt;
&lt;td style=&quot;height: 18px; width: 430px;&quot;&gt;&lt;strong&gt;Jan 16 - Mar 16 at 15.00 (2300€)&lt;/strong&gt;&lt;/td&gt;
&lt;/tr&gt;
&lt;tr style=&quot;height: 18px;&quot;&gt;
&lt;td style=&quot;text-align: right; height: 18px; width: 101px;&quot;&gt;&lt;strong&gt;4000K&lt;/strong&gt;&lt;/td&gt;
&lt;td style=&quot;height: 18px; width: 430px;&quot;&gt;&lt;strong&gt;Jan 16 - Mar 06 at 15.00 (1800€)&lt;/strong&gt;&lt;/td&gt;
&lt;/tr&gt;
&lt;tr style=&quot;height: 18px;&quot;&gt;
&lt;td style=&quot;text-align: right; height: 18px; width: 101px;&quot;&gt;&lt;strong&gt;3000K&lt;/strong&gt;&lt;/td&gt;
&lt;td style=&quot;height: 18px; width: 430px;&quot;&gt;&lt;strong&gt;Jan 16 - Feb 25 at 15.00 (1500€)&lt;/strong&gt;&lt;/td&gt;
&lt;/tr&gt;
&lt;tr style=&quot;height: 18px;&quot;&gt;
&lt;td style=&quot;text-align: right; height: 18px; width: 101px;&quot;&gt;&lt;strong&gt;2000K&lt;/strong&gt;&lt;/td&gt;
&lt;td style=&quot;height: 18px; width: 430px;&quot;&gt;&lt;strong&gt;&lt;span class=&quot;gmail_default&quot;&gt;Feb 02&lt;/span&gt;&amp;#0160;-&amp;#0160;&lt;span class=&quot;gmail_default&quot;&gt;Mar 03&lt;/span&gt; at 15.00 (1100€)&lt;/strong&gt;&lt;/td&gt;
&lt;/tr&gt;
&lt;tr style=&quot;height: 18px;&quot;&gt;
&lt;td style=&quot;height: 18px; width: 101px; text-align: right;&quot;&gt;&lt;strong&gt;1000K&lt;/strong&gt;&lt;/td&gt;
&lt;td style=&quot;height: 18px; width: 430px;&quot;&gt;&lt;strong&gt;Jan 16 - Jan 26 at 15.00&amp;#0160; &amp;#0160;(700€)&lt;/strong&gt;&lt;/td&gt;
&lt;/tr&gt;
&lt;/tbody&gt;
&lt;/table&gt;
&lt;/td&gt;
&lt;td&gt;
&lt;h2&gt;&amp;#0160;&lt;/h2&gt;
&lt;div class=&quot;gmail_default&quot;&gt;&amp;#0160;&lt;/div&gt;
&lt;p&gt;&amp;#0160;&lt;/p&gt;
&lt;p&gt;&amp;#0160;&lt;/p&gt;
&lt;p&gt;&amp;#0160;&lt;/p&gt;
&lt;p&gt;&amp;#0160;&lt;/p&gt;
&lt;p&gt;&amp;#0160;&lt;/p&gt;
&lt;p&gt;&amp;#0160;&lt;/p&gt;
&lt;/td&gt;
&lt;/tr&gt;
&lt;/tbody&gt;
&lt;/table&gt;
&lt;p&gt;&amp;#0160;&lt;/p&gt;
&lt;p&gt;&lt;strong&gt;Deadline for submission of applications for participation:&amp;#0160;&lt;span class=&quot;gmail_default&quot;&gt;December 15&lt;/span&gt;, 2019&lt;br /&gt;Venue:&amp;#0160; the ex-olympic games Athens 2004 installations at Hellinikon&lt;span class=&quot;gmail_default&quot;&gt;&amp;#0160;(basketball arena)&lt;/span&gt;&lt;br /&gt;The course: 1K, asphalt flat&lt;/strong&gt;&lt;/p&gt;
&lt;p&gt;&lt;strong&gt;&lt;a href=&quot;https://www.dayrunners.gr/main-page.html&quot;&gt;Application form&lt;/a&gt;&lt;br /&gt;&lt;/strong&gt;&lt;/p&gt;
&lt;p&gt;&lt;strong&gt;Race Directors: John Chortis, Costas Baxevanis&lt;/strong&gt;&lt;/p&gt;
&lt;p&gt;&lt;a href=&quot;http://www.dayrunners.gr/contact.html&quot;&gt;&lt;strong&gt;CONTACT INFORMATION&lt;/strong&gt;&lt;/a&gt;&lt;/p&gt;</content:encoded>



<dc:creator>Nikos Baxevanis</dc:creator>
<pubDate>Mon, 04 Mar 2019 16:27:48 +0200</pubDate>

</item>

</channel>
</rss>

<!-- ph=1 -->
