<?xml version="1.0" encoding="utf-8"?>
<rss version="2.0"
	xmlns:dc="http://purl.org/dc/elements/1.1/"
	xmlns:content="http://purl.org/rss/1.0/modules/content/">
	<channel>
		<title>Comments on THE 8th INTERNATIONAL ULTRAMARATHON FESTIVAL</title>
		<link>http://www.dayrunners.gr/2012/07/the-8th-international-ultramarathon-festival.html</link>
		<description></description>
		<language>en-gb</language>
		<generator>http://www.typepad.com/</generator>
		<atom10:link xmlns:atom10="http://www.w3.org/2005/Atom" rel="self" href="http://www.dayrunners.gr/2012/07/the-8th-international-ultramarathon-festival/comments/rss.xml" type="application/rss+xml" />
		<docs>http://www.rssboard.org/rss-specification</docs>
		<lastBuildDate>Tue, 03 Jul 2012 09:30:51 +0300</lastBuildDate>
		<xhtml:meta xmlns:xhtml="http://www.w3.org/1999/xhtml" name="robots" content="noindex" />
	</channel>
</rss>

<!-- ph=1 -->
