<?xml version="1.0" encoding="utf-8"?>
<rss
 xmlns:dc="http://purl.org/dc/elements/1.1/"
 xmlns:content="http://purl.org/rss/1.0/modules/content/"
 version="2.0">
<channel>
<title>Dayrunners</title>
<link>https://www.dayrunners.gr/</link>
<description>ATHENS INTERNATIONAL ULTRAMARATHON FESTIVAL - dayrunners.gr</description>
<language>en-GB</language>
<lastBuildDate>Fri, 08 Feb 2019 12:47:10 +0200</lastBuildDate>
<generator>http://www.typepad.com/</generator>
<atom10:link xmlns:atom10="http://www.w3.org/2005/Atom" rel="self" href="https://www.dayrunners.gr/rss.xml" type="application/rss+xml" />
<docs>http://www.rssboard.org/rss-specification</docs>
<item>
<title>THE 15th INTERNATIONAL ULTRAMARATHON FESTIVAL</title>
<link>https://www.dayrunners.gr/2019/02/the-15th-international-ultramarathon-festival.html</link>
<guid isPermaLink="true">https://www.dayrunners.gr/2019/02/the-15th-international-ultramarathon-festival.html</guid>
<description>Athens-Hellinikon, October-December, 2019 ANNOUNCEMENT The 1st multidays ultramarathon festival, Athens-Hellinikon, October-December, 2019. THE ASSOCIATION OF GREEK DAYRUNNERS IS PLEASED TO ANNOUNCE THE 1st EDITION OF THE 5.000K RACE TO BE HELD IN HELLINIKON FROM MIDDLE OF OCTOBER TO MIDDLE OF DECEMBER 2019 (TOTAL DURATION 60 DAYS). THERE WILL ALSO BE...</description>
<content:encoded>&lt;h2&gt;&lt;strong style=&quot;color: #0060bf;&quot;&gt;Athens-Hellinikon, October-December, 2019&lt;/strong&gt;&lt;/h2&gt;
&lt;h2&gt;&lt;strong style=&quot;font-size: 1.17em;&quot;&gt;&lt;a href=&quot;http://baxevanis.typepad.com/.a/6a0134873b0c0f970c0154338c8fd0970c-pi&quot;&gt;&lt;img alt=&quot;DayrunnersLogo&quot; border=&quot;0&quot; src=&quot;https://baxevanis.typepad.com/.a/6a0134873b0c0f970c0154338c8fd0970c-800wi&quot; title=&quot;DayrunnersLogo&quot; /&gt;&lt;/a&gt;&lt;/strong&gt;&lt;/h2&gt;
&lt;div class=&quot;gmail_default&quot;&gt;&lt;span style=&quot;color: #ff0000;&quot;&gt;&lt;strong&gt;ANNOUNCEMENT &lt;/strong&gt;&lt;/span&gt;&lt;/div&gt;
&lt;div class=&quot;gmail_default&quot;&gt;&amp;#0160;&lt;/div&gt;
&lt;div class=&quot;gmail_default&quot;&gt;&lt;span style=&quot;color: #ff0000;&quot;&gt;&lt;strong&gt;The 1st multidays ultramarathon festival, Athens-Hellinikon, October-December, 2019.&lt;/strong&gt;&lt;/span&gt;&lt;/div&gt;
&lt;div class=&quot;gmail_default&quot;&gt;&amp;#0160;&lt;/div&gt;
&lt;div class=&quot;gmail_default&quot;&gt;&lt;span style=&quot;color: #00007f;&quot;&gt;&lt;strong&gt;THE ASSOCIATION OF GREEK DAYRUNNERS IS PLEASED TO ANNOUNCE THE 1st&lt;/strong&gt;&lt;/span&gt;&lt;/div&gt;
&lt;div class=&quot;gmail_default&quot;&gt;&lt;span style=&quot;color: #00007f;&quot;&gt;&lt;strong&gt;EDITION OF THE 5.000K RACE&amp;#0160;TO BE HELD IN HELLINIKON FROM MIDDLE OF&lt;br /&gt;OCTOBER TO MIDDLE OF&amp;#0160; DECEMBER 2019 (TOTAL DURATION&amp;#0160;60 DAYS).&lt;/strong&gt;&lt;/span&gt;&lt;/div&gt;
&lt;div class=&quot;gmail_default&quot;&gt;&amp;#0160;&lt;/div&gt;
&lt;div class=&quot;gmail_default&quot;&gt;&lt;span style=&quot;color: #033d3d;&quot;&gt;&lt;strong&gt;&lt;span style=&quot;color: #ff0000;&quot;&gt;THERE WILL ALSO BE RACES OF &lt;/span&gt;&lt;/strong&gt;&lt;/span&gt;&lt;span style=&quot;color: #033d3d;&quot;&gt;&lt;strong&gt;&lt;span style=&quot;color: #ff0000;&quot;&gt;1000K (12DAYS), 2000K (25DAYS), 3000K (35DAYS) AND 4000K (50DDAYS).&lt;/span&gt;&lt;/strong&gt;&lt;/span&gt;&lt;/div&gt;
&lt;div class=&quot;yj6qo ajU&quot;&gt;&amp;#0160;&lt;/div&gt;
&lt;table&gt;
&lt;tbody&gt;
&lt;tr&gt;
&lt;td&gt;&lt;strong&gt;5000K&amp;#0160; &amp;#0160;&lt;/strong&gt;&lt;/td&gt;
&lt;td&gt;&lt;strong&gt;October 12 to December 11; Participation fee 2300€&lt;/strong&gt;&lt;/td&gt;
&lt;/tr&gt;
&lt;tr&gt;
&lt;td&gt;&lt;strong&gt;4000K&lt;/strong&gt;&lt;/td&gt;
&lt;td&gt;&lt;strong&gt;October 22 to December 11; Participation fee 1800€&lt;/strong&gt;&lt;/td&gt;
&lt;/tr&gt;
&lt;tr&gt;
&lt;td&gt;&lt;strong&gt;3000K&lt;/strong&gt;&lt;/td&gt;
&lt;td&gt;&lt;strong&gt;November 06 to December 11; Participation fee 1500€&lt;/strong&gt;&lt;/td&gt;
&lt;/tr&gt;
&lt;tr&gt;
&lt;td&gt;&lt;strong&gt;2000K&lt;/strong&gt;&lt;/td&gt;
&lt;td&gt;&lt;strong&gt;November 16 to December 11; Participation fee 1100€&lt;/strong&gt;&lt;/td&gt;
&lt;/tr&gt;
&lt;tr&gt;
&lt;td&gt;&lt;strong&gt;1000K&lt;/strong&gt;&lt;/td&gt;
&lt;td&gt;&lt;strong&gt;November 29 to December 11; Participation fee 700€&lt;/strong&gt;&lt;/td&gt;
&lt;/tr&gt;
&lt;tr&gt;
&lt;td&gt;&amp;#0160;&lt;/td&gt;
&lt;td&gt;&amp;#0160;&lt;/td&gt;
&lt;/tr&gt;
&lt;/tbody&gt;
&lt;/table&gt;
&lt;p&gt;&lt;strong&gt;All races will start at 2.00pm&lt;/strong&gt;&lt;/p&gt;
&lt;p&gt;&lt;strong&gt;&lt;br /&gt;Deadline for submission of applications for participation: July 31, 2019&lt;br /&gt;Acknowledge for approval of participation: August 3, 2019&lt;br /&gt;Venue: the soft-ball ground at the ex-olympic games Athens 2004 installations at Hellinikon&lt;br /&gt;The course: 1K , asphalt flat (soon we will publish a video taken on the course)&lt;br /&gt;&lt;a href=&quot;https://www.dayrunners.gr/main-page.html&quot;&gt;Application form&lt;/a&gt;&lt;br /&gt;&lt;/strong&gt;&lt;/p&gt;
&lt;p&gt;&lt;strong&gt;Race Directors: John Chortis, Costas Baxevanis&lt;/strong&gt;&lt;/p&gt;
&lt;p&gt;&lt;a href=&quot;http://www.dayrunners.gr/contact.html&quot;&gt;&lt;strong&gt;CONTACT INFORMATION&lt;/strong&gt;&lt;/a&gt;&lt;/p&gt;</content:encoded>



<dc:creator>Nikos Baxevanis</dc:creator>
<pubDate>Fri, 08 Feb 2019 12:47:10 +0200</pubDate>

</item>
<item>
<title>The conquest of high-altitude peak Baltoro-Kangri</title>
<link>https://www.dayrunners.gr/2012/08/baltoro-kangri-dayrunners.html</link>
<guid isPermaLink="true">https://www.dayrunners.gr/2012/08/baltoro-kangri-dayrunners.html</guid>
<description>The conquest of high-altitude peak Baltoro-Kangri by members of the &quot;Association of Greek Dayrunners&quot;, August 5th, 2012. Photo by Alan Young.</description>
<content:encoded>&lt;p&gt;&lt;a href=&quot;http://baxevanis.typepad.com/.a/6a0134873b0c0f970c017617482671970c-pi&quot; style=&quot;display: inline;&quot;&gt;&lt;img alt=&quot;Baltoro_2012_101&quot; border=&quot;0&quot; src=&quot;https://baxevanis.typepad.com/.a/6a0134873b0c0f970c017617482671970c-800wi&quot; title=&quot;Baltoro_2012_101&quot; /&gt;&lt;/a&gt;&lt;/p&gt;
&lt;p&gt;The conquest of high-altitude peak Baltoro-Kangri by members of the &amp;quot;Association of Greek Dayrunners&amp;quot;, August 5th, 2012. Photo by Alan Young.&lt;/p&gt;</content:encoded>



<dc:creator>Nikos Baxevanis</dc:creator>
<pubDate>Fri, 17 Aug 2012 13:14:48 +0300</pubDate>

</item>

</channel>
</rss>

<!-- ph=1 -->
