<?xml version="1.0" encoding="utf-8"?>
<rss
 xmlns:dc="https://purl.org/dc/elements/1.1/"
 xmlns:content="https://purl.org/rss/1.0/modules/content/"
 version="2.0">
<channel>
<title>Dayrunners</title>
<link>https://www.dayrunners.gr/</link>
<description>ATHENS INTERNATIONAL ULTRAMARATHON FESTIVAL - dayrunners.gr</description>
<language>en-GB</language>
<lastBuildDate>Fri, 01 Jun 2018 17:51:43 +0300</lastBuildDate>
<generator>https://www.typepad.com/</generator>
<atom10:link xmlns:atom10="https://www.w3.org/2005/Atom" rel="self" href="https://www.dayrunners.gr/rss.xml" type="application/rss+xml" />
<docs>https://www.rssboard.org/rss-specification</docs>
<item>
<title>THE 14th INTERNATIONAL ULTRAMARATHON FESTIVAL</title>
<link>https://www.dayrunners.gr/2018/06/the-14th-international-ultramarathon-festival.html</link>
<guid isPermaLink="true">https://www.dayrunners.gr/2018/06/the-14th-international-ultramarathon-festival.html</guid>
<description>ATHENS, January 18 - February 03, 2019 24hr Jan. 19 - 20 48hr Jan. 18 - 20 72hr Jan. 31 - Feb. 03 1000 miles Jan. 18 - Feb. 03 1000 K Jan. 24 - Feb. 03 6 days Jan. 28 - Feb. 03 Race Directors: John Chortis, Costas Baxevanis...</description>
<content:encoded>&lt;h2&gt;&lt;strong style=&quot;color: #0060bf;&quot;&gt;ATHENS, January 18 - February 03, 2019&lt;/strong&gt;&lt;/h2&gt;
&lt;h2&gt;&lt;strong style=&quot;font-size: 1.17em;&quot;&gt;&lt;a href=&quot;https://baxevanis.typepad.com/.a/6a0134873b0c0f970c0154338c8fd0970c-pi&quot;&gt;&lt;img alt=&quot;DayrunnersLogo&quot; border=&quot;0&quot; src=&quot;https://baxevanis.typepad.com/.a/6a0134873b0c0f970c0154338c8fd0970c-800wi&quot; title=&quot;DayrunnersLogo&quot; /&gt;&lt;/a&gt;&lt;/strong&gt;&lt;/h2&gt;
&lt;table&gt;
&lt;tbody&gt;
&lt;tr&gt;
&lt;td&gt;&lt;strong&gt;24hr&lt;/strong&gt;&lt;/td&gt;
&lt;td&gt;&lt;strong&gt;Jan. 19 - 20&lt;/strong&gt;&lt;/td&gt;
&lt;/tr&gt;
&lt;tr&gt;
&lt;td&gt;&lt;strong&gt;48hr&lt;/strong&gt;&lt;/td&gt;
&lt;td&gt;&lt;strong&gt;Jan. 18 - 20&lt;/strong&gt;&lt;/td&gt;
&lt;/tr&gt;
&lt;tr&gt;
&lt;td&gt;&lt;strong&gt;72hr&lt;/strong&gt;&lt;/td&gt;
&lt;td&gt;&lt;strong&gt;Jan. 31 - Feb. 03&lt;/strong&gt;&lt;/td&gt;
&lt;/tr&gt;
&lt;tr&gt;
&lt;td&gt;&lt;strong&gt;1000 miles&lt;/strong&gt;&lt;/td&gt;
&lt;td&gt;&lt;strong&gt;Jan. 18 - Feb. 03&lt;/strong&gt;&lt;/td&gt;
&lt;/tr&gt;
&lt;tr&gt;
&lt;td&gt;&lt;strong&gt;1000 K&lt;/strong&gt;&lt;/td&gt;
&lt;td&gt;&lt;strong&gt;Jan. 24 - Feb. 03&lt;/strong&gt;&lt;/td&gt;
&lt;/tr&gt;
&lt;tr&gt;
&lt;td&gt;&lt;strong&gt;6 days&lt;/strong&gt;&lt;/td&gt;
&lt;td&gt;&lt;strong&gt;Jan. 28 - Feb. 03&lt;/strong&gt;&lt;/td&gt;
&lt;/tr&gt;
&lt;/tbody&gt;
&lt;/table&gt;
&lt;p&gt;&lt;strong&gt;Race Directors: John Chortis, Costas Baxevanis&lt;/strong&gt;&lt;/p&gt;
&lt;p&gt;&lt;a href=&quot;https://www.dayrunners.gr/contact.html&quot;&gt;&lt;strong&gt;CONTACT INFORMATION&lt;/strong&gt;&lt;/a&gt;&lt;/p&gt;</content:encoded>



<dc:creator>Nikos Baxevanis</dc:creator>
<pubDate>Fri, 01 Jun 2018 17:51:43 +0300</pubDate>

</item>
<item>
<title>The International Ultramarathon Festival on YouTube</title>
<link>https://www.dayrunners.gr/2013/11/the-international-ultramarathon-festival-on-youtube.html</link>
<guid isPermaLink="true">https://www.dayrunners.gr/2013/11/the-international-ultramarathon-festival-on-youtube.html</guid>
<description></description>
<content:encoded>&lt;iframe width=&quot;560&quot; height=&quot;315&quot; src=&quot;https://www.youtube.com/embed/KCrcKxVsUxg&quot; frameborder=&quot;0&quot; allowfullscreen&gt;&lt;/iframe&gt;</content:encoded>



<dc:creator>Nikos Baxevanis</dc:creator>
<pubDate>Sun, 17 Nov 2013 21:50:48 +0200</pubDate>

</item>

</channel>
</rss>

<!-- ph=1 -->
