<?xml version="1.0" encoding="utf-8"?>
<feed xmlns="http://www.w3.org/2005/Atom"
	xml:lang="en-gb">
	<title>Comments on THE 16th INTERNATIONAL ULTRAMARATHON FESTIVAL</title>
	<subtitle></subtitle>
	<link rel="self" type="application/atom+xml" title="Comments on THE 16th INTERNATIONAL ULTRAMARATHON FESTIVAL" href="https://www.dayrunners.gr/2020/10/the-16th-international-ultramarathon-festival/comments/atom.xml" />
	<link rel="alternate" type="text/html" title="THE 16th INTERNATIONAL ULTRAMARATHON FESTIVAL" href="https://www.dayrunners.gr/2020/10/the-16th-international-ultramarathon-festival.html"/>
	<generator uri="http://www.typepad.com/">TypePad</generator>
	<xhtml:meta xmlns:xhtml="http://www.w3.org/1999/xhtml" name="robots" content="noindex" />
	<updated>2019-05-11T03:36:13Z</updated>
	<author>
		<name>Nikos Baxevanis</name>
		<uri>https://www.dayrunners.gr/</uri>
	</author>
	<id>tag:typepad.com,2003:https://www.dayrunners.gr/2020/10/the-16th-international-ultramarathon-festival/comments/atom.xml/</id>
    
</feed>

<!-- ph=1 -->
