<?xml version="1.0" encoding="utf-8"?>
<feed xmlns="http://www.w3.org/2005/Atom" xmlns:dc="http://purl.org/dc/elements/1.1/" xmlns:thr="http://purl.org/syndication/thread/1.0">
    <title>Dayrunners</title>
    <link rel="self" type="application/atom+xml" href="https://www.dayrunners.gr/atom.xml" />
    <link rel="alternate" type="text/html" href="https://www.dayrunners.gr/" />
    <id>tag:typepad.com,2003:weblog-94160540217153293</id>
    <updated>2023-02-20T14:36:50+02:00</updated>
    <subtitle>ATHENS INTERNATIONAL ULTRAMARATHON FESTIVAL - dayrunners.gr

DEDICATED TO CANCER RESEARCH
</subtitle>
    <generator uri="http://www.typepad.com/">TypePad</generator>
<entry>
        <title>THE 18th INTERNATIONAL ULTRAMARATHON FESTIVAL</title>
        <link rel="alternate" type="text/html" href="https://www.dayrunners.gr/2023/02/the-18th-international-ultramarathon-festival.html" />
        <link rel="replies" type="text/html" href="https://www.dayrunners.gr/2023/02/the-18th-international-ultramarathon-festival.html" thr:count="0" />
        <id>tag:typepad.com,2003:post-6a0134873b0c0f970c02b685291135200d</id>
        <published>2023-02-20T14:36:50+02:00</published>
        <updated>2023-02-24T12:01:48+02:00</updated>
        <summary>Loutraki, November 3 - 4, 2023 Dedicated to cancer immunotherapies LOCATION: LOUTRAKI (MUNICIPALITY LOUTRAKI-PERACHORA-AGIOI THEODOROI) ORGANIZER: AO POSEIDON LOUTRAKIOU; CO-ORGANIZERS: ASSOCIATION OF GREEK DAYRUNNERS AND THE MUNICIPALITY OF LOUTRAKI-PERACHORA-AGIOI THEODOROI AEGIS: S.E.G.A.S. (HELLENIC ATHLETICS FEDERATION) Race directors: Costas Baxevanis and John Chortis The 24HR race will take place in the...</summary>
        <author>
            <name>Nikos Baxevanis</name>
        </author>
        
        
<content type="xhtml" xml:lang="en-GB" xml:base="https://www.dayrunners.gr/">
<div xmlns="http://www.w3.org/1999/xhtml"><div class="gmail_default">
<h2><strong style="color: #0060bf;">&#0160;Loutraki, <span style="color: #ff0000;">November 3 - 4</span>, 2023</strong></h2>
<br />
<h2><span style="color: #ff0000;"><strong>Dedicated to cancer immunotherapies</strong></span></h2>
<p><strong>LOCATION</strong>: LOUTRAKI (MUNICIPALITY LOUTRAKI-PERACHORA-AGIOI THEODOROI)<br /><strong>ORGANIZER</strong>: <a href="https://stivos-aoposeidonloutrakiou.blogspot.com/">AO POSEIDON LOUTRAKIOU</a>; <strong>CO-ORGANIZERS</strong>: ASSOCIATION OF GREEK DAYRUNNERS AND THE MUNICIPALITY OF LOUTRAKI-PERACHORA-AGIOI THEODOROI</p>
<p><strong>AEGIS</strong>: S.E.G.A.S. (HELLENIC ATHLETICS FEDERATION)<br /><strong>Race directors</strong>: Costas Baxevanis and John Chortis</p>
<p>&#0160;</p>
<p>The 24HR race will take place in the stadium of Loutraki (400m lap)</p>
<p>Loutraki is a beautiful town at the seaside located 80K from Athens and<br />there is direct connection with the airport of Athens by train.&#0160;The 1st and<br />2nd Ultramarathon Festivals took place in Loutraki in 2005 and 2006,<br />respectively.</p>
<p>Information about Loutraki you can find at</p>
<ul>
<li><a href="https://en.wikipedia.org/wiki/Loutraki">https://en.wikipedia.org/wiki/Loutraki</a></li>
<li><a href="https://www.visitloutraki.com">https://www.visitloutraki.com</a></li>
<li><a href="http://www.visitgreece.gr/en/destinations/loutraki">http://www.visitgreece.gr/en/destinations/loutraki</a></li>
<li><a href="https://new.loutraki-agioitheodoroi.gr/">https://new.loutraki-agioitheodoroi.gr/</a></li>
</ul>
<p>Photos of the stadium from the 1st edition of the Ultramarathon Festival<br />back in 2005 you can find at <a href="https://www.facebook.com/media/set/?set=a.219999771371242.48385.219995084705044">https://www.facebook.com/media/set/?set=a.219999771371242.48385.219995084705044</a></p>
<p><strong style="font-size: 1.17em;"><a href="http://baxevanis.typepad.com/.a/6a0134873b0c0f970c0154338c8fd0970c-pi"><img alt="DayrunnersLogo" border="0" src="https://baxevanis.typepad.com/.a/6a0134873b0c0f970c0154338c8fd0970c-800wi" title="DayrunnersLogo" /></a></strong></p>
</div></div>
</content>



    </entry>
<entry>
        <title>The International Ultramarathon Festival on YouTube</title>
        <link rel="alternate" type="text/html" href="https://www.dayrunners.gr/2019/02/the-international-ultramarathon-festival-on-youtube.html" />
        <link rel="replies" type="text/html" href="https://www.dayrunners.gr/2019/02/the-international-ultramarathon-festival-on-youtube.html" thr:count="0" />
        <id>tag:typepad.com,2003:post-6a0134873b0c0f970c022ad39a901d200c</id>
        <published>2019-02-08T12:47:10+02:00</published>
        <updated>2019-12-06T11:49:13+02:00</updated>
        <summary></summary>
        <author>
            <name>Nikos Baxevanis</name>
        </author>
        
        
<content type="html" xml:lang="en-GB" xml:base="https://www.dayrunners.gr/">
&lt;div xmlns=&quot;http://www.w3.org/1999/xhtml&quot;&gt;&lt;iframe width=&quot;560&quot; height=&quot;315&quot; src=&quot;https://www.youtube.com/embed/aYBkftWT7OI&quot; frameborder=&quot;0&quot; allow=&quot;accelerometer; autoplay; encrypted-media; gyroscope; picture-in-picture&quot; allowfullscreen&gt;&lt;/iframe&gt;
&lt;br&gt;&lt;br&gt;
&lt;iframe width=&quot;560&quot; height=&quot;315&quot; src=&quot;https://www.youtube.com/embed/hqRkmp4Umug&quot; frameborder=&quot;0&quot; allow=&quot;accelerometer; autoplay; encrypted-media; gyroscope; picture-in-picture&quot; allowfullscreen&gt;&lt;/iframe&gt;
&lt;br&gt;&lt;br&gt;
&lt;iframe width=&quot;560&quot; height=&quot;315&quot; src=&quot;https://www.youtube.com/embed/jYjB6wNC62g&quot; frameborder=&quot;0&quot; allow=&quot;accelerometer; autoplay; encrypted-media; gyroscope; picture-in-picture&quot; allowfullscreen&gt;&lt;/iframe&gt;
&lt;br&gt;&lt;br&gt;
&lt;iframe width=&quot;560&quot; height=&quot;315&quot; src=&quot;https://www.youtube.com/embed/FczQS6ZGFE4&quot; frameborder=&quot;0&quot; allow=&quot;accelerometer; autoplay; encrypted-media; gyroscope; picture-in-picture&quot; allowfullscreen&gt;&lt;/iframe&gt;
&lt;br&gt;&lt;br&gt;
&lt;iframe width=&quot;560&quot; height=&quot;315&quot; src=&quot;https://www.youtube.com/embed/LZk859ZRp0Y&quot; frameborder=&quot;0&quot; allow=&quot;accelerometer; autoplay; encrypted-media; gyroscope; picture-in-picture&quot; allowfullscreen&gt;&lt;/iframe&gt;
&lt;br&gt;&lt;br&gt;
&lt;iframe width=&quot;560&quot; height=&quot;315&quot; src=&quot;https://www.youtube.com/embed/jto7Ed5Aqeo&quot; frameborder=&quot;0&quot; allow=&quot;accelerometer; autoplay; encrypted-media; gyroscope; picture-in-picture&quot; allowfullscreen&gt;&lt;/iframe&gt;
&lt;br&gt;&lt;br&gt;
&lt;iframe width=&quot;560&quot; height=&quot;315&quot; src=&quot;https://www.youtube.com/embed/Rlxw8viGwPs&quot; frameborder=&quot;0&quot; allow=&quot;accelerometer; autoplay; encrypted-media; gyroscope; picture-in-picture&quot; allowfullscreen&gt;&lt;/iframe&gt;
&lt;/div&gt;
</content>



    </entry>
 
</feed>

<!-- ph=1 -->
