<?xml version="1.0" encoding="utf-8"?>
<rss
 xmlns:dc="http://purl.org/dc/elements/1.1/"
 xmlns:content="http://purl.org/rss/1.0/modules/content/"
 version="2.0">
<channel>
<title>Dayrunners</title>
<link>https://www.dayrunners.gr/</link>
<description>ATHENS INTERNATIONAL ULTRAMARATHON FESTIVAL - dayrunners.gr

DEDICATED TO CANCER RESEARCH
</description>
<language>en-GB</language>
<lastBuildDate>Mon, 20 Feb 2023 14:36:50 +0200</lastBuildDate>
<generator>http://www.typepad.com/</generator>
<atom10:link xmlns:atom10="http://www.w3.org/2005/Atom" rel="self" href="https://www.dayrunners.gr/rss.xml" type="application/rss+xml" />
<docs>http://www.rssboard.org/rss-specification</docs>
<item>
<title>THE 18th INTERNATIONAL ULTRAMARATHON FESTIVAL</title>
<link>https://www.dayrunners.gr/2023/02/the-18th-international-ultramarathon-festival.html</link>
<guid isPermaLink="true">https://www.dayrunners.gr/2023/02/the-18th-international-ultramarathon-festival.html</guid>
<description>Loutraki, November 3 - 4, 2023 Dedicated to cancer immunotherapies LOCATION: LOUTRAKI (MUNICIPALITY LOUTRAKI-PERACHORA-AGIOI THEODOROI) ORGANIZER: AO POSEIDON LOUTRAKIOU; CO-ORGANIZERS: ASSOCIATION OF GREEK DAYRUNNERS AND THE MUNICIPALITY OF LOUTRAKI-PERACHORA-AGIOI THEODOROI AEGIS: S.E.G.A.S. (HELLENIC ATHLETICS FEDERATION) Race directors: Costas Baxevanis and John Chortis The 24HR race will take place in the...</description>
<content:encoded>&lt;div class=&quot;gmail_default&quot;&gt;
&lt;h2&gt;&lt;strong style=&quot;color: #0060bf;&quot;&gt;&amp;#0160;Loutraki, &lt;span style=&quot;color: #ff0000;&quot;&gt;November 3 - 4&lt;/span&gt;, 2023&lt;/strong&gt;&lt;/h2&gt;
&lt;br /&gt;
&lt;h2&gt;&lt;span style=&quot;color: #ff0000;&quot;&gt;&lt;strong&gt;Dedicated to cancer immunotherapies&lt;/strong&gt;&lt;/span&gt;&lt;/h2&gt;
&lt;p&gt;&lt;strong&gt;LOCATION&lt;/strong&gt;: LOUTRAKI (MUNICIPALITY LOUTRAKI-PERACHORA-AGIOI THEODOROI)&lt;br /&gt;&lt;strong&gt;ORGANIZER&lt;/strong&gt;: &lt;a href=&quot;https://stivos-aoposeidonloutrakiou.blogspot.com/&quot;&gt;AO POSEIDON LOUTRAKIOU&lt;/a&gt;; &lt;strong&gt;CO-ORGANIZERS&lt;/strong&gt;: ASSOCIATION OF GREEK DAYRUNNERS AND THE MUNICIPALITY OF LOUTRAKI-PERACHORA-AGIOI THEODOROI&lt;/p&gt;
&lt;p&gt;&lt;strong&gt;AEGIS&lt;/strong&gt;: S.E.G.A.S. (HELLENIC ATHLETICS FEDERATION)&lt;br /&gt;&lt;strong&gt;Race directors&lt;/strong&gt;: Costas Baxevanis and John Chortis&lt;/p&gt;
&lt;p&gt;&amp;#0160;&lt;/p&gt;
&lt;p&gt;The 24HR race will take place in the stadium of Loutraki (400m lap)&lt;/p&gt;
&lt;p&gt;Loutraki is a beautiful town at the seaside located 80K from Athens and&lt;br /&gt;there is direct connection with the airport of Athens by train.&amp;#0160;The 1st and&lt;br /&gt;2nd Ultramarathon Festivals took place in Loutraki in 2005 and 2006,&lt;br /&gt;respectively.&lt;/p&gt;
&lt;p&gt;Information about Loutraki you can find at&lt;/p&gt;
&lt;ul&gt;
&lt;li&gt;&lt;a href=&quot;https://en.wikipedia.org/wiki/Loutraki&quot;&gt;https://en.wikipedia.org/wiki/Loutraki&lt;/a&gt;&lt;/li&gt;
&lt;li&gt;&lt;a href=&quot;https://www.visitloutraki.com&quot;&gt;https://www.visitloutraki.com&lt;/a&gt;&lt;/li&gt;
&lt;li&gt;&lt;a href=&quot;http://www.visitgreece.gr/en/destinations/loutraki&quot;&gt;http://www.visitgreece.gr/en/destinations/loutraki&lt;/a&gt;&lt;/li&gt;
&lt;li&gt;&lt;a href=&quot;https://new.loutraki-agioitheodoroi.gr/&quot;&gt;https://new.loutraki-agioitheodoroi.gr/&lt;/a&gt;&lt;/li&gt;
&lt;/ul&gt;
&lt;p&gt;Photos of the stadium from the 1st edition of the Ultramarathon Festival&lt;br /&gt;back in 2005 you can find at &lt;a href=&quot;https://www.facebook.com/media/set/?set=a.219999771371242.48385.219995084705044&quot;&gt;https://www.facebook.com/media/set/?set=a.219999771371242.48385.219995084705044&lt;/a&gt;&lt;/p&gt;
&lt;p&gt;&lt;strong style=&quot;font-size: 1.17em;&quot;&gt;&lt;a href=&quot;http://baxevanis.typepad.com/.a/6a0134873b0c0f970c0154338c8fd0970c-pi&quot;&gt;&lt;img alt=&quot;DayrunnersLogo&quot; border=&quot;0&quot; src=&quot;https://baxevanis.typepad.com/.a/6a0134873b0c0f970c0154338c8fd0970c-800wi&quot; title=&quot;DayrunnersLogo&quot; /&gt;&lt;/a&gt;&lt;/strong&gt;&lt;/p&gt;
&lt;/div&gt;</content:encoded>



<dc:creator>Nikos Baxevanis</dc:creator>
<pubDate>Mon, 20 Feb 2023 14:36:50 +0200</pubDate>

</item>
<item>
<title>The International Ultramarathon Festival on YouTube</title>
<link>https://www.dayrunners.gr/2019/02/the-international-ultramarathon-festival-on-youtube.html</link>
<guid isPermaLink="true">https://www.dayrunners.gr/2019/02/the-international-ultramarathon-festival-on-youtube.html</guid>
<description></description>
<content:encoded>&lt;iframe width=&quot;560&quot; height=&quot;315&quot; src=&quot;https://www.youtube.com/embed/aYBkftWT7OI&quot; frameborder=&quot;0&quot; allow=&quot;accelerometer; autoplay; encrypted-media; gyroscope; picture-in-picture&quot; allowfullscreen&gt;&lt;/iframe&gt;
&lt;br&gt;&lt;br&gt;
&lt;iframe width=&quot;560&quot; height=&quot;315&quot; src=&quot;https://www.youtube.com/embed/hqRkmp4Umug&quot; frameborder=&quot;0&quot; allow=&quot;accelerometer; autoplay; encrypted-media; gyroscope; picture-in-picture&quot; allowfullscreen&gt;&lt;/iframe&gt;
&lt;br&gt;&lt;br&gt;
&lt;iframe width=&quot;560&quot; height=&quot;315&quot; src=&quot;https://www.youtube.com/embed/jYjB6wNC62g&quot; frameborder=&quot;0&quot; allow=&quot;accelerometer; autoplay; encrypted-media; gyroscope; picture-in-picture&quot; allowfullscreen&gt;&lt;/iframe&gt;
&lt;br&gt;&lt;br&gt;
&lt;iframe width=&quot;560&quot; height=&quot;315&quot; src=&quot;https://www.youtube.com/embed/FczQS6ZGFE4&quot; frameborder=&quot;0&quot; allow=&quot;accelerometer; autoplay; encrypted-media; gyroscope; picture-in-picture&quot; allowfullscreen&gt;&lt;/iframe&gt;
&lt;br&gt;&lt;br&gt;
&lt;iframe width=&quot;560&quot; height=&quot;315&quot; src=&quot;https://www.youtube.com/embed/LZk859ZRp0Y&quot; frameborder=&quot;0&quot; allow=&quot;accelerometer; autoplay; encrypted-media; gyroscope; picture-in-picture&quot; allowfullscreen&gt;&lt;/iframe&gt;
&lt;br&gt;&lt;br&gt;
&lt;iframe width=&quot;560&quot; height=&quot;315&quot; src=&quot;https://www.youtube.com/embed/jto7Ed5Aqeo&quot; frameborder=&quot;0&quot; allow=&quot;accelerometer; autoplay; encrypted-media; gyroscope; picture-in-picture&quot; allowfullscreen&gt;&lt;/iframe&gt;
&lt;br&gt;&lt;br&gt;
&lt;iframe width=&quot;560&quot; height=&quot;315&quot; src=&quot;https://www.youtube.com/embed/Rlxw8viGwPs&quot; frameborder=&quot;0&quot; allow=&quot;accelerometer; autoplay; encrypted-media; gyroscope; picture-in-picture&quot; allowfullscreen&gt;&lt;/iframe&gt;
</content:encoded>



<dc:creator>Nikos Baxevanis</dc:creator>
<pubDate>Fri, 08 Feb 2019 12:47:10 +0200</pubDate>

</item>

</channel>
</rss>

<!-- ph=1 -->
