<?xml version="1.0" encoding="utf-8"?>
<feed xmlns="https://www.w3.org/2005/Atom"
	xml:lang="en-gb">
	<title>Comments on The conquest of high-altitude peak Baltoro-Kangri</title>
	<subtitle></subtitle>
	<link rel="self" type="application/atom+xml" title="Comments on The conquest of high-altitude peak Baltoro-Kangri" href="https://www.dayrunners.gr/2012/08/baltoro-kangri-dayrunners/comments/atom.xml" />
	<link rel="alternate" type="text/html" title="The conquest of high-altitude peak Baltoro-Kangri" href="https://www.dayrunners.gr/2012/08/baltoro-kangri-dayrunners.html"/>
	<generator uri="https://www.typepad.com/">TypePad</generator>
	<xhtml:meta xmlns:xhtml="https://www.w3.org/1999/xhtml" name="robots" content="noindex" />
	<updated>2012-08-17T10:14:48Z</updated>
	<author>
		<name>Nikos Baxevanis</name>
		<uri>https://www.dayrunners.gr/</uri>
	</author>
	<id>tag:typepad.com,2003:https://www.dayrunners.gr/2012/08/baltoro-kangri-dayrunners/comments/atom.xml/</id>
    
</feed>

<!-- ph=1 -->
