<?xml version="1.0" encoding="utf-8"?>
<rss version="2.0"
	xmlns:dc="https://purl.org/dc/elements/1.1/"
	xmlns:content="https://purl.org/rss/1.0/modules/content/">
	<channel>
		<title>Comments on The conquest of high-altitude peak Baltoro-Kangri</title>
		<link>https://www.dayrunners.gr/2012/08/baltoro-kangri-dayrunners.html</link>
		<description></description>
		<language>en-gb</language>
		<generator>https://www.typepad.com/</generator>
		<atom10:link xmlns:atom10="https://www.w3.org/2005/Atom" rel="self" href="https://www.dayrunners.gr/2012/08/baltoro-kangri-dayrunners/comments/rss.xml" type="application/rss+xml" />
		<docs>https://www.rssboard.org/rss-specification</docs>
		<lastBuildDate>Fri, 17 Aug 2012 13:14:48 +0300</lastBuildDate>
		<xhtml:meta xmlns:xhtml="https://www.w3.org/1999/xhtml" name="robots" content="noindex" />
	</channel>
</rss>

<!-- ph=1 -->
